[
    {
    "image":
    "/Users/ashete/Documents/react_native/new_react_native/react-native-typescript-boilerplate/src/images/mayurgawade.png",
    "name": "Mayur Gawade",
    "email": "mgawade@mobiquityinc.com",
    "designation": "Intern-Developer"
  },
  {
    "image":
    "/Users/ashete/Documents/react_native/new_react_native/react-native-typescript-boilerplate/src/images/user.png",
    "name": "Amruta Shete",
    "email": "Ashete@mobiquityinc.com",
    "designation": "Intern-Developer"
  },
  {
    "image":
    "/Users/ashete/Documents/react_native/new_react_native/react-native-typescript-boilerplate/src/images/user.png",
    "name": "Nachiket Salvi",
    "email": "nsalvi@mobiquityinc.com",
    "designation": "Intern-Developer"
  },
  {
    "image":
    "/Users/ashete/Documents/react_native/new_react_native/react-native-typescript-boilerplate/src/images/user.png",
    "name": "Anjali Kapare",
    "email": "akapare@mobiquityinc.com",
    "designation": "Intern-Developer"
  },
  {
    "image":
    "/Users/ashete/Documents/react_native/new_react_native/react-native-typescript-boilerplate/src/images/user.png",
    "name": "Chetan Magar",
    "email": "cmagar@mobiquityinc.com",
    "designation": "Android-Developer"
    
  },
  {
    "image":
    "/Users/ashete/Documents/react_native/new_react_native/react-native-typescript-boilerplate/src/images/dnyanichavan.png",
    "name": "Dnyani Chavan",
    "email": "dchavan@mobiquityinc.com",
    "designation": "Security Engineer"
  },
  {
    "image":
    "/Users/nsalvi/Documents/test/react-native-typescript-boilerplate/src/Images/suchitabhosale.png",
    "name": "Suchita Bhosale",
    "email": "sbhosale@mobiquityinc.com",
    "designation": "Q A Engineer"
  },
  {
    "image":
    "/Users/ashete/Documents/react_native/new_react_native/react-native-typescript-boilerplate/src/images/user.png",
    "name": "Mangesh Datar",
    "email": "mdatar@mobiquityinc.com",
    "designation": "UI-UX Developer"
  },
  {
    "image":
    "/Users/ashete/Documents/react_native/new_react_native/react-native-typescript-boilerplate/src/images/user.png",
    "name": "Pooja Raut",
    "email": "praut@mobiquityinc.com",
    "designation": "UI-UX Developer"
  },
  {
    "image":
    "/Users/ashete/Documents/react_native/new_react_native/react-native-typescript-boilerplate/src/images/user.png",
    "name": "Amit Rai",
    "email": "arai@mobiquityinc.com",
    "designation": "React-Native Developer"
  },
  {
    "image":
    "/Users/ashete/Documents/react_native/new_react_native/react-native-typescript-boilerplate/src/images/user.png",
    "name": "Pooja Maha ",
    "email": "pmaha@mobiquityinc.com",
    "designation": "React-Native Developer"
  },
  {
    "image":
    "/Users/ashete/Documents/react_native/new_react_native/react-native-typescript-boilerplate/src/images/user.png",
    "name": "Kishor Gwala ",
    "email": "kgwala@mobiquityinc.com",
    "designation": "React-Native Developer"
  },
  {
    "image":
    "/Users/ashete/Documents/react_native/new_react_native/react-native-typescript-boilerplate/src/images/user.png",
    "name": "Javed Parray ",
    "email": "jparray@mobiquityinc.com",
    "designation": "Human Resource Engineer"
  },
  {
    "image":
    "/Users/ashete/Documents/react_native/new_react_native/react-native-typescript-boilerplate/src/images/user.png",
    "name": "Ashfak Shaikh ",
    "email": "ashaikh@mobiquityinc.com",
    "designation": "HR"
  },
  {
    "image":
    "/Users/ashete/Documents/react_native/new_react_native/react-native-typescript-boilerplate/src/images/user.png",
    "name": "Trevar Croft ",
    "email": "tcroft@mobiquityinc.com",
    "designation": "Sr. Javascript Developer"
  },
  {
    "image":
    "/Users/ashete/Documents/react_native/new_react_native/react-native-typescript-boilerplate/src/images/user.png",
    "name": "Andrew Crites ",
    "email": "acrites@mobiquityinc.com",
    "designation": "Principal Developer"
  },
  {
    "image":
    "/Users/ashete/Documents/react_native/new_react_native/react-native-typescript-boilerplate/src/images/user.png",
    "name": "Sandeep Deshmukh ",
    "email": "sdeshmukh@mobiquityinc.com",
    "designation": "Techlead"
  }
]