[
  {
    "Name":"Dhamane",
    "Designation":"Intern Developer",
    "nominatedFor":"Mob Star",
    "date": "July 31 2018",
    "description" :" Lorem Ipsum is simply dummy text of the printing and typesetting industry.Lorem Ipsum has been the industry's standard dummy text ever since the 1500s,  when an unknown printer took a galley of type and scrambled it to make a type specimen book. It has survived not only five centuries, but also the leap into electronic...", 
    "totalLikes":"22",
    "totalComments": "23"
  },
  {
    "Name":"Nupur Salvi",
    "Designation":"Intern Developer",
    "nominatedFor":"Mob Star",
    "date": "July 1 2018",
    "description" :" Lorem Ipsum is simply dummy text of the printing and typesetting industry.Lorem Ipsum has been the industry's standard dummy text ever since the 1500s,  when an unknown printer took a galley of type and scrambled it to make a type specimen book. It has survived not only five centuries, but also the leap into electronic...", 
    "totalLikes":"2",
    "totalComments": "232"
  },
  {
    "Name":"Pranay Ranjane",
    "Designation":"Intern Developer",
    "nominatedFor":"Mob Star",
    "date": "Jan 31 2018",
    "description" :" Lorem Ipsum is simply dummy text of the printing and typesetting industry.Lorem Ipsum has been the industry's standard dummy text ever since the 1500s,  when an unknown printer took a galley of type and scrambled it to make a type specimen book. It has survived not only five centuries, but also the leap into electronic...", 
    "totalLikes":"212",
    "totalComments": "3"
  },
  {
    "Name":"Purva Pisal",
    "Designation":"Intern Developer",
    "nominatedFor":"Mob Star",
    "date": "Feb 31 2018",
    "description" :" Lorem Ipsum is simply dummy text of the printing and typesetting industry.Lorem Ipsum has been the industry's standard dummy text ever since the 1500s,  when an unknown printer took a galley of type and scrambled it to make a type specimen book. It has survived not only five centuries, but also the leap into electronic...", 
    "totalLikes":"22",
    "totalComments": "23"
  } 
]